{"cameraMode":{"drawMode":0,"name":"Shaded","section":"Shading Mode"},"sceneLighting":true,"audioPlay":false,"sceneViewState":{"m_AlwaysRefresh":false,"showFog":true,"showSkybox":true,"showFlares":true,"showImageEffects":true,"showParticleSystems":true,"showVisualEffectGraphs":true,"m_FxEnabled":true},"in2DMode":false,"pivot":{"x":19.7255802154541,"y":3.7148549556732179,"z":-16.786537170410158},"rotation":{"x":-0.0015831288183107973,"y":0.8494239449501038,"z":0.0025482906494289638,"w":0.5277045369148254},"size":23.6475887298584,"orthographic":false}